{
    "$schema": "http://schema.management.azure.com/schemas/2015-01-01/deploymentTemplate.json#",
    "contentVersion": "1.0.0.0",
    "parameters": {
        "FunctionName": {
            "defaultValue": "Audit",
            "minLength": 1,
            "maxLength": 11,
            "type": "string"
        },
        "WorkspaceID": {
            "type": "string",
            "minLength": 1,
            "metadata": {
                "description": "Enter Workspace ID of Log Analytics workspace"
            }
        },
        "WorkspaceKey": {
            "type": "securestring",
            "minLength": 1,
            "metadata": {
                "description": "Enter Workspace Key of Log Analytics workspace"
            }
        },
        "BaseURL": {
            "defaultValue": "https://api.services.mimecast.com",
            "type": "string",
            "metadata": {
                "description": "Enter Base URL of Mimecast Audit API (e.g. https://api.services.mimecast.com)"
            }
        },
        "StartDate":{
            "defaultValue": "",
            "type": "string",
            "metadata": {
                "description": "Data will be fetched starting from the specified Start Date in the format: yyyy-dd-mm."
            }
        },
        "MimecastClientId": {
            "type": "string",
            "minLength": 1,
            "metadata": {
                "description": "Enter Mimecast Client ID for authentication"
            }
        },
        "MimecastClientSecret": {
            "type": "securestring",
            "minLength": 1,
            "metadata": {
                "description": "Enter Mimecast Client Secret for authentication"
            }
        },
        "LogLevel": {
            "type": "string",
            "metadata": {
                "description": "Please add log level or log severity value. By default it is set to INFO"
            },
            "allowedValues": [
                "Debug",
                "Info",
                "Error",
                "Warning"
            ],
            "defaultValue": "Info"
        },
        "Schedule": {
            "type": "string",
            "minLength": 11,
            "metadata": {
                "description": "Please enter a valid Quartz cron-expression. (Example: 0 0 0 * * *)"
            },
            "defaultValue": "0 0 */1 * * *"
        },
        "AppInsightsWorkspaceResourceID": {
            "type": "string",
            "metadata": {
                "description": "Migrate Classic Application Insights to Log Analytic Workspace which is retiring by 29 Febraury 2024. Use 'Log Analytic Workspace-->Properties' blade having 'Resource ID' property value. This is a fully qualified resourceId which is in format '/subscriptions/{subscriptionId}/resourceGroups/{resourceGroupName}/providers/Microsoft.OperationalInsights/workspaces/{workspaceName}'"
            }
        }
    },
    "variables": {
        "FunctionName": "[concat(toLower(trim(parameters('FunctionName'))), uniqueString(resourceGroup().id))]",
        "StorageSuffix": "[environment().suffixes.storage]",
        "LogAnaltyicsUri": "[replace(environment().portal, 'https://portal', concat('https://', toLower(trim(parameters('WorkspaceID'))), '.ods.opinsights'))]"
    },
    "resources": [
        {
            "type": "Microsoft.Insights/components",
            "apiVersion": "2020-02-02",
            "name": "[variables('FunctionName')]",
            "location": "[resourceGroup().location]",
            "kind": "web",
            "properties": {
                "Application_Type": "web",
                "ApplicationId": "[variables('FunctionName')]",
                "WorkspaceResourceId": "[trim(parameters('AppInsightsWorkspaceResourceID'))]"
            }
        },
        {
            "type": "Microsoft.Storage/storageAccounts",
            "apiVersion": "2019-06-01",
            "name": "[tolower(variables('FunctionName'))]",
            "location": "[resourceGroup().location]",
            "sku": {
                "name": "Standard_LRS",
                "tier": "Standard"
            },
            "kind": "StorageV2",
            "properties": {
                "networkAcls": {
                    "bypass": "AzureServices",
                    "virtualNetworkRules": [],
                    "ipRules": [],
                    "defaultAction": "Allow"
                },
                "supportsHttpsTrafficOnly": true,
                "encryption": {
                    "services": {
                        "file": {
                            "keyType": "Account",
                            "enabled": true
                        },
                        "blob": {
                            "keyType": "Account",
                            "enabled": true
                        }
                    },
                    "keySource": "Microsoft.Storage"
                }
            }
        },
        {
            "type": "Microsoft.Storage/storageAccounts/blobServices",
            "apiVersion": "2019-06-01",
            "name": "[concat(variables('FunctionName'), '/default')]",
            "dependsOn": [
                "[resourceId('Microsoft.Storage/storageAccounts', tolower(variables('FunctionName')))]"
            ],
            "sku": {
                "name": "Standard_LRS",
                "tier": "Standard"
            },
            "properties": {
                "cors": {
                    "corsRules": []
                },
                "deleteRetentionPolicy": {
                    "enabled": false
                }
            }
        },
        {
            "type": "Microsoft.Storage/storageAccounts/fileServices",
            "apiVersion": "2019-06-01",
            "name": "[concat(variables('FunctionName'), '/default')]",
            "dependsOn": [
                "[resourceId('Microsoft.Storage/storageAccounts', tolower(variables('FunctionName')))]"
            ],
            "sku": {
                "name": "Standard_LRS",
                "tier": "Standard"
            },
            "properties": {
                "cors": {
                    "corsRules": []
                }
            }
        },
        {
            "type": "Microsoft.Web/sites",
            "apiVersion": "2018-11-01",
            "name": "[variables('FunctionName')]",
            "location": "[resourceGroup().location]",
            "dependsOn": [
                "[resourceId('Microsoft.Storage/storageAccounts', tolower(variables('FunctionName')))]",
                "[resourceId('Microsoft.Insights/components', variables('FunctionName'))]"
            ],
            "kind": "functionapp,linux",
            "identity": {
                "type": "SystemAssigned"
            },
            "properties": {
                "name": "[variables('FunctionName')]",
                "httpsOnly": true,
                "clientAffinityEnabled": true,
                "alwaysOn": true,
                "reserved": true,
                "siteConfig": {
                    "linuxFxVersion": "python|3.9"
                }
            },
            "resources": [
                {
                    "apiVersion": "2018-11-01",
                    "type": "config",
                    "name": "appsettings",
                    "dependsOn": [
                        "[concat('Microsoft.Web/sites/', variables('FunctionName'))]"
                    ],
                    "properties": {
                        "FUNCTIONS_EXTENSION_VERSION": "~4",
                        "FUNCTIONS_WORKER_RUNTIME": "python",
                        "APPINSIGHTS_INSTRUMENTATIONKEY": "[reference(resourceId('Microsoft.insights/components', variables('FunctionName')), '2015-05-01').InstrumentationKey]",
                        "APPLICATIONINSIGHTS_CONNECTION_STRING": "[reference(resourceId('microsoft.insights/components', variables('FunctionName')), '2015-05-01').ConnectionString]",
                        "AzureWebJobsStorage": "[concat('DefaultEndpointsProtocol=https;AccountName=', toLower(variables('FunctionName')),';AccountKey=',listKeys(resourceId('Microsoft.Storage/storageAccounts', toLower(variables('FunctionName'))), '2019-06-01').keys[0].value, ';EndpointSuffix=',toLower(variables('StorageSuffix')))]",
                        "logAnalyticsUri": "[variables('LogAnaltyicsUri')]",
                        "Function_App_Name": "[variables('FunctionName')]",
                        "WorkspaceID": "[trim(parameters('WorkspaceID'))]",
                        "WorkspaceKey": "[trim(parameters('WorkspaceKey'))]",
                        "BaseURL": "[trim(parameters('BaseURL'))]",
                        "StartDate": "[trim(parameters('StartDate'))]",
                        "MimecastClientID": "[trim(parameters('MimecastClientId'))]",
                        "MimecastClientSecret": "[trim(parameters('MimecastClientSecret'))]",
                        "FileShareName": "mimecast-checkpoints",
                        "Schedule": "[trim(parameters('Schedule'))]",
                        "LogLevel": "[trim(parameters('LogLevel'))]",
                        "WEBSITE_RUN_FROM_PACKAGE": "https://aka.ms/sentinel-MimecastAudit-functionapp"    
                    }
                }
            ]
        },
        {
            "type": "Microsoft.Storage/storageAccounts/blobServices/containers",
            "apiVersion": "2019-06-01",
            "name": "[concat(variables('FunctionName'), '/default/azure-webjobs-hosts')]",
            "dependsOn": [
                "[resourceId('Microsoft.Storage/storageAccounts/blobServices', variables('FunctionName'), 'default')]",
                "[resourceId('Microsoft.Storage/storageAccounts', variables('FunctionName'))]"
            ],
            "properties": {
                "publicAccess": "None"
            }
        },
        {
            "type": "Microsoft.Storage/storageAccounts/blobServices/containers",
            "apiVersion": "2019-06-01",
            "name": "[concat(variables('FunctionName'), '/default/azure-webjobs-secrets')]",
            "dependsOn": [
                "[resourceId('Microsoft.Storage/storageAccounts/blobServices', variables('FunctionName'), 'default')]",
                "[resourceId('Microsoft.Storage/storageAccounts', variables('FunctionName'))]"
            ],
            "properties": {
                "publicAccess": "None"
            }
        },
        {
            "type": "Microsoft.Storage/storageAccounts/fileServices/shares",
            "apiVersion": "2019-06-01",
            "name": "[concat(variables('FunctionName'), '/default/', tolower(variables('FunctionName')))]",
            "dependsOn": [
                "[resourceId('Microsoft.Storage/storageAccounts/fileServices', variables('FunctionName'), 'default')]",
                "[resourceId('Microsoft.Storage/storageAccounts', variables('FunctionName'))]"
            ],
            "properties": {
                "shareQuota": 5120
            }
        }
    ]
}